<?xml version="1.0" encoding="UTF-8"?>
<project-private xmlns="http://www.netbeans.org/ns/project-private/1">
    <editor-bookmarks xmlns="http://www.netbeans.org/ns/editor-bookmarks/2" lastBookmarkId="0"/>
    <open-files xmlns="http://www.netbeans.org/ns/projectui-open-files/2">
        <group>
            <file>file:/C:/Users/BrayanBaron/Documents/TRABAJOS%20KONRAD/ARQUITECTURA%20DE%20SOFTWARE/ArquitecturaSoftware/RajatroPro/src/proyecto1/FXMLDocumentController.java</file>
            <file>file:/C:/Users/BrayanBaron/Documents/TRABAJOS%20KONRAD/ARQUITECTURA%20DE%20SOFTWARE/ArquitecturaSoftware/RajatroPro/src/proyecto1/FXMLDocument.fxml</file>
            <file>file:/C:/Users/BrayanBaron/Documents/TRABAJOS%20KONRAD/ARQUITECTURA%20DE%20SOFTWARE/ArquitecturaSoftware/RajatroPro/src/proyecto1/Registro.java</file>
            <file>file:/C:/Users/BrayanBaron/Documents/TRABAJOS%20KONRAD/ARQUITECTURA%20DE%20SOFTWARE/ArquitecturaSoftware/RajatroPro/src/proyecto1/Estudiante.java</file>
            <file>file:/C:/Users/BrayanBaron/Documents/TRABAJOS%20KONRAD/ARQUITECTURA%20DE%20SOFTWARE/ArquitecturaSoftware/RajatroPro/src/proyecto1/crearMateria.java</file>
            <file>file:/C:/Users/BrayanBaron/Documents/TRABAJOS%20KONRAD/ARQUITECTURA%20DE%20SOFTWARE/ArquitecturaSoftware/RajatroPro/src/BuilderConcreto/MateriaHistoria.java</file>
            <file>file:/C:/Users/BrayanBaron/Documents/TRABAJOS%20KONRAD/ARQUITECTURA%20DE%20SOFTWARE/ArquitecturaSoftware/RajatroPro/src/FachadaModulos/FachadaModulos.java</file>
            <file>file:/C:/Users/BrayanBaron/Documents/TRABAJOS%20KONRAD/ARQUITECTURA%20DE%20SOFTWARE/ArquitecturaSoftware/RajatroPro/src/BuilderConcreto/MateriaLenguaje.java</file>
            <file>file:/C:/Users/BrayanBaron/Documents/TRABAJOS%20KONRAD/ARQUITECTURA%20DE%20SOFTWARE/ArquitecturaSoftware/RajatroPro/src/proyecto1/Materia.java</file>
            <file>file:/C:/Users/BrayanBaron/Documents/TRABAJOS%20KONRAD/ARQUITECTURA%20DE%20SOFTWARE/ArquitecturaSoftware/RajatroPro/src/proyecto1/Proyecto1.java</file>
            <file>file:/C:/Users/BrayanBaron/Documents/TRABAJOS%20KONRAD/ARQUITECTURA%20DE%20SOFTWARE/ArquitecturaSoftware/RajatroPro/src/proyecto1/MateriaBuilder.java</file>
        </group>
    </open-files>
</project-private>
